{
    "loss": -0.9378522038459778,
    "binary_accuracy": 0.9991592168807983,
    "iou": 0.8857888579368591,
    "dice_coefficient": 0.9365403652191162
}